[
    {
      "createdAt": { "$date": "2023-03-11T02:05:30.000Z" },
      "createdBy": {
        "$oid": "669f602662f5712ae81885bc"
      },
      "workLocation": "Peru",
      "workType": "full-time",
      "status": "interview",
      "position": "Assistant Professor",
      "company": "Eabox"
    },
    {
      "createdAt": { "$date": "2022-07-31T07:13:59.000Z" },
      "createdBy": {
        "$oid": "669f602662f5712ae81885bc"
      },
      "workLocation": "Sweden",
      "workType": "full-time",
      "status": "interview",
      "position": "Account Coordinator",
      "company": "Rhyzio"
    },
    {
      "createdAt": { "$date": "2022-12-23T18:12:10.000Z" },
      "createdBy": {
        "$oid": "669f602662f5712ae81885bc"
      },
      "workLocation": "China",
      "workType": "internship",
      "status": "pending",
      "position": "Statistician I",
      "company": "Feedmix"
    },
    {
      "createdAt": { "$date": "2022-08-26T03:28:17.000Z" },
      "createdBy": {
        "$oid": "669f602662f5712ae81885bc"
      },
      "workLocation": "Democratic Republic of the Congo",
      "workType": "part-time",
      "status": "interview",
      "position": "Staff Scientist",
      "company": "Twitterbeat"
    },
    {
      "createdAt": { "$date": "2023-03-15T14:16:22.000Z" },
      "createdBy": {
        "$oid": "669f602662f5712ae81885bc"
      },
      "workLocation": "Thailand",
      "workType": "contaract",
      "status": "interview",
      "position": "Compensation Analyst",
      "company": "Mita"
    },
    {
      "createdAt": { "$date": "2022-11-14T02:59:45.000Z" },
      "createdBy": {
        "$oid": "669f602662f5712ae81885bc"
      },
      "workLocation": "Poland",
      "workType": "contaract",
      "status": "reject",
      "position": "Design Engineer",
      "company": "Devpulse"
    },
    {
      "createdAt": { "$date": "2023-03-07T20:41:43.000Z" },
      "createdBy": {
        "$oid": "669f602662f5712ae81885bc"
      },
      "workLocation": "Colombia",
      "workType": "contaract",
      "status": "pending",
      "position": "Administrative Assistant III",
      "company": "Twitternation"
    },
    {
      "createdAt": { "$date": "2022-11-08T07:06:08.000Z" },
      "createdBy": {
        "$oid": "669f602662f5712ae81885bc"
      },
      "workLocation": "Brazil",
      "workType": "internship",
      "status": "interview",
      "position": "Internal Auditor",
      "company": "Fivechat"
    },
    {
      "createdAt": { "$date": "2023-01-21T21:37:45.000Z" },
      "createdBy": {
        "$oid": "669f602662f5712ae81885bc"
      },
      "workLocation": "China",
      "workType": "part-time",
      "status": "reject",
      "position": "Community Outreach Specialist",
      "company": "Dazzlesphere"
    },
    {
      "createdAt": { "$date": "2022-09-08T19:33:11.000Z" },
      "createdBy": {
        "$oid": "669f602662f5712ae81885bc"
      },
      "workLocation": "Myanmar",
      "workType": "internship",
      "status": "pending",
      "position": "Assistant Manager",
      "company": "Riffpedia"
    },
    {
      "createdAt": { "$date": "2022-11-06T00:59:55.000Z" },
      "createdBy": {
        "$oid": "669f602662f5712ae81885bc"
      },
      "workLocation": "Peru",
      "workType": "full-time",
      "status": "reject",
      "position": "Technical Writer",
      "company": "Realcube"
    },
    {
      "createdAt": { "$date": "2023-01-11T18:37:30.000Z" },
      "createdBy": {
        "$oid": "669f602662f5712ae81885bc"
      },
      "workLocation": "China",
      "workType": "full-time",
      "status": "pending",
      "position": "Geologist I",
      "company": "Rhyzio"
    },
    {
      "createdAt": { "$date": "2022-06-05T10:48:48.000Z" },
      "createdBy": {
        "$oid": "669f602662f5712ae81885bc"
      },
      "workLocation": "United States",
      "workType": "full-time",
      "status": "pending",
      "position": "VP Product Management",
      "company": "Vidoo"
    },
    {
      "createdAt": { "$date": "2022-10-02T18:02:24.000Z" },
      "createdBy": {
        "$oid": "669f602662f5712ae81885bc"
      },
      "workLocation": "Indonesia",
      "workType": "full-time",
      "status": "pending",
      "position": "VP Sales",
      "company": "Wordpedia"
    },
    {
      "createdAt": { "$date": "2022-06-02T03:12:19.000Z" },
      "createdBy": {
        "$oid": "669f602662f5712ae81885bc"
      },
      "workLocation": "France",
      "workType": "full-time",
      "status": "pending",
      "position": "Marketing Assistant",
      "company": "Skipfire"
    },
    {
      "createdAt": { "$date": "2022-08-13T17:31:35.000Z" },
      "createdBy": {
        "$oid": "669f602662f5712ae81885bc"
      },
      "workLocation": "United States",
      "workType": "full-time",
      "status": "interview",
      "position": "Physical Therapy Assistant",
      "company": "Aimbu"
    },
    {
      "createdAt": { "$date": "2022-06-21T11:08:13.000Z" },
      "createdBy": {
        "$oid": "669f602662f5712ae81885bc"
      },
      "workLocation": "Indonesia",
      "workType": "part-time",
      "status": "interview",
      "position": "Internal Auditor",
      "company": "Browseblab"
    },
    {
      "createdAt": { "$date": "2023-03-16T17:16:17.000Z" },
      "createdBy": {
        "$oid": "669f602662f5712ae81885bc"
      },
      "workLocation": "Thailand",
      "workType": "full-time",
      "status": "interview",
      "position": "Marketing Assistant",
      "company": "Youfeed"
    },
    {
      "createdAt": { "$date": "2022-08-05T19:40:04.000Z" },
      "createdBy": {
        "$oid": "669f602662f5712ae81885bc"
      },
      "workLocation": "China",
      "workType": "internship",
      "status": "reject",
      "position": "Structural Engineer",
      "company": "Realcube"
    },
    {
      "createdAt": { "$date": "2022-06-11T21:11:23.000Z" },
      "createdBy": {
        "$oid": "669f602662f5712ae81885bc"
      },
      "workLocation": "Vietnam",
      "workType": "part-time",
      "status": "reject",
      "position": "Nurse Practicioner",
      "company": "Blogpad"
    },
    {
      "createdAt": { "$date": "2022-05-29T15:00:58.000Z" },
      "createdBy": {
        "$oid": "669f602662f5712ae81885bc"
      },
      "workLocation": "Mexico",
      "workType": "part-time",
      "status": "reject",
      "position": "VP Product Management",
      "company": "Eabox"
    },
    {
      "createdAt": { "$date": "2022-11-13T12:31:33.000Z" },
      "createdBy": {
        "$oid": "669f602662f5712ae81885bc"
      },
      "workLocation": "Canada",
      "workType": "part-time",
      "status": "pending",
      "position": "Automation Specialist IV",
      "company": "Bluejam"
    },
    {
      "createdAt": { "$date": "2022-12-28T01:25:51.000Z" },
      "createdBy": {
        "$oid": "669f602662f5712ae81885bc"
      },
      "workLocation": "Philippines",
      "workType": "part-time",
      "status": "pending",
      "position": "Legal Assistant",
      "company": "Leexo"
    },
    {
      "createdAt": { "$date": "2023-02-19T11:25:14.000Z" },
      "createdBy": {
        "$oid": "669f602662f5712ae81885bc"
      },
      "workLocation": "Japan",
      "workType": "full-time",
      "status": "interview",
      "position": "VP Marketing",
      "company": "Brainbox"
    },
    {
      "createdAt": { "$date": "2022-11-02T02:57:20.000Z" },
      "createdBy": {
        "$oid": "669f602662f5712ae81885bc"
      },
      "workLocation": "China",
      "workType": "full-time",
      "status": "pending",
      "position": "Administrative Officer",
      "company": "Oloo"
    },
    {
      "createdAt": { "$date": "2023-02-17T07:07:03.000Z" },
      "createdBy": {
        "$oid": "669f602662f5712ae81885bc"
      },
      "workLocation": "Indonesia",
      "workType": "part-time",
      "status": "interview",
      "position": "Help Desk Technician",
      "company": "Viva"
    },
    {
      "createdAt": { "$date": "2022-10-07T00:25:32.000Z" },
      "createdBy": {
        "$oid": "669f602662f5712ae81885bc"
      },
      "workLocation": "China",
      "workType": "full-time",
      "status": "reject",
      "position": "Junior Executive",
      "company": "Youfeed"
    },
    {
      "createdAt": { "$date": "2022-09-14T01:33:26.000Z" },
      "createdBy": {
        "$oid": "669f602662f5712ae81885bc"
      },
      "workLocation": "China",
      "workType": "internship",
      "status": "pending",
      "position": "Editor",
      "company": "Gigaclub"
    },
    {
      "createdAt": { "$date": "2023-02-25T13:58:23.000Z" },
      "createdBy": {
        "$oid": "669f602662f5712ae81885bc"
      },
      "workLocation": "Ivory Coast",
      "workType": "full-time",
      "status": "reject",
      "position": "Quality Control Specialist",
      "company": "Shufflebeat"
    },
    {
      "createdAt": { "$date": "2022-07-02T13:53:33.000Z" },
      "createdBy": {
        "$oid": "669f602662f5712ae81885bc"
      },
      "workLocation": "Poland",
      "workType": "internship",
      "status": "interview",
      "position": "Design Engineer",
      "company": "InnoZ"
    },
    {
      "createdAt": { "$date": "2022-08-18T07:45:30.000Z" },
      "createdBy": {
        "$oid": "669f602662f5712ae81885bc"
      },
      "workLocation": "China",
      "workType": "full-time",
      "status": "pending",
      "position": "Sales Associate",
      "company": "Chatterpoint"
    },
    {
      "createdAt": { "$date": "2023-03-24T08:04:52.000Z" },
      "createdBy": {
        "$oid": "669f602662f5712ae81885bc"
      },
      "workLocation": "Democratic Republic of the Congo",
      "workType": "contaract",
      "status": "reject",
      "position": "Software Engineer II",
      "company": "Photospace"
    },
    {
      "createdAt": { "$date": "2023-01-26T00:14:57.000Z" },
      "createdBy": {
        "$oid": "669f602662f5712ae81885bc"
      },
      "workLocation": "Russia",
      "workType": "internship",
      "status": "pending",
      "position": "General Manager",
      "company": "Blogtags"
    },
    {
      "createdAt": { "$date": "2023-01-25T06:45:47.000Z" },
      "createdBy": {
        "$oid": "669f602662f5712ae81885bc"
      },
      "workLocation": "Brazil",
      "workType": "internship",
      "status": "pending",
      "position": "Office Assistant II",
      "company": "Fadeo"
    },
    {
      "createdAt": { "$date": "2022-09-19T15:12:15.000Z" },
      "createdBy": {
        "$oid": "669f602662f5712ae81885bc"
      },
      "workLocation": "Ireland",
      "workType": "full-time",
      "status": "reject",
      "position": "Statistician II",
      "company": "Skidoo"
    },
    {
      "createdAt": { "$date": "2022-09-25T21:24:22.000Z" },
      "createdBy": {
        "$oid": "669f602662f5712ae81885bc"
      },
      "workLocation": "China",
      "workType": "part-time",
      "status": "pending",
      "position": "Recruiter",
      "company": "Vidoo"
    },
    {
      "createdAt": { "$date": "2022-05-18T20:58:39.000Z" },
      "createdBy": {
        "$oid": "669f602662f5712ae81885bc"
      },
      "workLocation": "China",
      "workType": "full-time",
      "status": "interview",
      "position": "VP Accounting",
      "company": "Feedbug"
    },
    {
      "createdAt": { "$date": "2022-06-23T02:58:01.000Z" },
      "createdBy": {
        "$oid": "669f602662f5712ae81885bc"
      },
      "workLocation": "Sweden",
      "workType": "internship",
      "status": "reject",
      "position": "Human Resources Assistant II",
      "company": "Agimba"
    },
    {
      "createdAt": { "$date": "2023-03-29T11:46:25.000Z" },
      "createdBy": {
        "$oid": "669f602662f5712ae81885bc"
      },
      "workLocation": "Philippines",
      "workType": "contaract",
      "status": "interview",
      "position": "Electrical Engineer",
      "company": "Meedoo"
    },
    {
      "createdAt": { "$date": "2022-08-31T22:22:13.000Z" },
      "createdBy": {
        "$oid": "669f602662f5712ae81885bc"
      },
      "workLocation": "China",
      "workType": "full-time",
      "status": "reject",
      "position": "Financial Advisor",
      "company": "Fatz"
    },
    {
      "createdAt": { "$date": "2022-12-31T09:08:38.000Z" },
      "createdBy": {
        "$oid": "669f602662f5712ae81885bc"
      },
      "workLocation": "Iran",
      "workType": "part-time",
      "status": "pending",
      "position": "Legal Assistant",
      "company": "Wikizz"
    },
    {
      "createdAt": { "$date": "2022-08-26T04:52:28.000Z" },
      "createdBy": {
        "$oid": "669f602662f5712ae81885bc"
      },
      "workLocation": "China",
      "workType": "contaract",
      "status": "reject",
      "position": "Sales Associate",
      "company": "Mita"
    },
    {
      "createdAt": { "$date": "2023-04-07T20:39:58.000Z" },
      "createdBy": {
        "$oid": "669f602662f5712ae81885bc"
      },
      "workLocation": "China",
      "workType": "internship",
      "status": "interview",
      "position": "Software Engineer II",
      "company": "Mydeo"
    },
    {
      "createdAt": { "$date": "2022-11-28T12:15:33.000Z" },
      "createdBy": {
        "$oid": "669f602662f5712ae81885bc"
      },
      "workLocation": "Portugal",
      "workType": "full-time",
      "status": "pending",
      "position": "Graphic Designer",
      "company": "Tavu"
    },
    {
      "createdAt": { "$date": "2022-05-24T18:31:13.000Z" },
      "createdBy": {
        "$oid": "669f602662f5712ae81885bc"
      },
      "workLocation": "Dominican Republic",
      "workType": "part-time",
      "status": "interview",
      "position": "Nuclear Power Engineer",
      "company": "Flashspan"
    },
    {
      "createdAt": { "$date": "2022-10-04T23:52:14.000Z" },
      "createdBy": {
        "$oid": "669f602662f5712ae81885bc"
      },
      "workLocation": "China",
      "workType": "full-time",
      "status": "interview",
      "position": "Teacher",
      "company": "Gabvine"
    },
    {
      "createdAt": { "$date": "2022-07-17T00:46:29.000Z" },
      "createdBy": {
        "$oid": "669f602662f5712ae81885bc"
      },
      "workLocation": "France",
      "workType": "internship",
      "status": "interview",
      "position": "Environmental Specialist",
      "company": "Innotype"
    },
    {
      "createdAt": { "$date": "2022-05-18T18:57:02.000Z" },
      "createdBy": {
        "$oid": "669f602662f5712ae81885bc"
      },
      "workLocation": "Indonesia",
      "workType": "contaract",
      "status": "reject",
      "position": "Office Assistant III",
      "company": "Gabspot"
    },
    {
      "createdAt": { "$date": "2022-09-17T13:52:30.000Z" },
      "createdBy": {
        "$oid": "669f602662f5712ae81885bc"
      },
      "workLocation": "Belarus",
      "workType": "contaract",
      "status": "interview",
      "position": "Web Developer I",
      "company": "Wordify"
    },
    {
      "createdAt": { "$date": "2022-12-01T09:24:49.000Z" },
      "createdBy": {
        "$oid": "669f602662f5712ae81885bc"
      },
      "workLocation": "Poland",
      "workType": "full-time",
      "status": "reject",
      "position": "Assistant Media Planner",
      "company": "DabZ"
    },
    {
      "createdAt": { "$date": "2023-01-14T00:08:26.000Z" },
      "createdBy": {
        "$oid": "669f602662f5712ae81885bc"
      },
      "workLocation": "Sweden",
      "workType": "internship",
      "status": "reject",
      "position": "Senior Sales Associate",
      "company": "Babbleset"
    },
    {
      "createdAt": { "$date": "2022-06-28T17:37:49.000Z" },
      "createdBy": {
        "$oid": "669f602662f5712ae81885bc"
      },
      "workLocation": "Portugal",
      "workType": "contaract",
      "status": "reject",
      "position": "Programmer Analyst III",
      "company": "Wikibox"
    },
    {
      "createdAt": { "$date": "2022-10-23T15:26:47.000Z" },
      "createdBy": {
        "$oid": "669f602662f5712ae81885bc"
      },
      "workLocation": "Philippines",
      "workType": "internship",
      "status": "interview",
      "position": "Mechanical Systems Engineer",
      "company": "Yodel"
    },
    {
      "createdAt": { "$date": "2022-07-28T07:00:23.000Z" },
      "createdBy": {
        "$oid": "669f602662f5712ae81885bc"
      },
      "workLocation": "China",
      "workType": "internship",
      "status": "interview",
      "position": "Office Assistant III",
      "company": "Gabspot"
    },
    {
      "createdAt": { "$date": "2022-05-02T19:32:26.000Z" },
      "createdBy": {
        "$oid": "669f602662f5712ae81885bc"
      },
      "workLocation": "Ecuador",
      "workType": "contaract",
      "status": "interview",
      "position": "Software Consultant",
      "company": "Browsedrive"
    },
    {
      "createdAt": { "$date": "2022-07-01T00:10:53.000Z" },
      "createdBy": {
        "$oid": "669f602662f5712ae81885bc"
      },
      "workLocation": "China",
      "workType": "internship",
      "status": "interview",
      "position": "Community Outreach Specialist",
      "company": "Snaptags"
    },
    {
      "createdAt": { "$date": "2022-10-19T23:56:59.000Z" },
      "createdBy": {
        "$oid": "669f602662f5712ae81885bc"
      },
      "workLocation": "Sri Lanka",
      "workType": "full-time",
      "status": "pending",
      "position": "Pharmacist",
      "company": "Linkbuzz"
    },
    {
      "createdAt": { "$date": "2022-11-27T21:42:13.000Z" },
      "createdBy": {
        "$oid": "669f602662f5712ae81885bc"
      },
      "workLocation": "Indonesia",
      "workType": "internship",
      "status": "pending",
      "position": "Assistant Manager",
      "company": "Tambee"
    },
    {
      "createdAt": { "$date": "2022-12-27T05:50:42.000Z" },
      "createdBy": {
        "$oid": "669f602662f5712ae81885bc"
      },
      "workLocation": "United States",
      "workType": "full-time",
      "status": "reject",
      "position": "Graphic Designer",
      "company": "Dynabox"
    },
    {
      "createdAt": { "$date": "2022-12-15T13:42:41.000Z" },
      "createdBy": {
        "$oid": "669f602662f5712ae81885bc"
      },
      "workLocation": "Indonesia",
      "workType": "internship",
      "status": "interview",
      "position": "Occupational Therapist",
      "company": "Zoomcast"
    }
  ]